id,來源,統計月份,日期,台北業績,台北佔比,台中業績,台中佔比,桃園業績,桃園佔比,新竹業績,新竹佔比,高雄業績,高雄佔比,全區合計
20260504120350_本月,schedule,2026/05,2026/05/04 12:03,2228800,0.6265496477626038,234400,0.0658934123454569,831200,0.2336629878052208,235550,0.0662166948718957,27310,0.0076772572148226,3557260
20260504010921,schedule,,2026/05/04 01:09,2196600,0.6312504310642113,234400,0.0673609674230406,783500,0.2251592063820493,237950,0.0683811527231763,27310,0.0078482424075223,3479760
20260503190536,schedule,,2026/05/03 19:05,2196600,0.6319041701187518,234400,0.0674307281598085,781100,0.2247019699898738,237950,0.0684519699898738,26110,0.0075111617416919,3476160
20260503120642,schedule,,2026/05/03 12:06,2197200,0.6319676940599869,234400,0.0674190913379123,781100,0.2246631921674202,237950,0.0684401569277143,26110,0.0075098655069662,3476760
20260503010745,schedule,,2026/05/03 01:07,2196000,0.631840624244726,234400,0.0674423689995281,781100,0.2247407612010726,237950,0.068463787130707,26110,0.0075124584239662,3475560
20260502190406,schedule,,2026/05/02 19:04,2196000,0.6324083353492069,231600,0.066696616788195,781100,0.2249426915943832,237950,0.0685253020930527,25790,0.0074270541751621,3472440
20260502114622,schedule,,2026/05/02 11:46,2188200,0.631580770296481,231600,0.0668467719589914,781100,0.2254491087097072,237950,0.0686795742126166,25790,0.0074437748222037,3464640
20260502011447,schedule,,2026/05/02 01:14,2192000,0.63198440797592,231600,0.0667735350762879,781100,0.2252021081523682,237950,0.0686043293238458,25790,0.007435619471578,3468440
20260501192035,schedule,,2026/05/01 19:20,2187200,0.6314744026515458,231600,0.0668660715316834,781100,0.2255141989352242,237950,0.0686994029402593,25790,0.0074459239412872,3463640
20260501121218,schedule,,2026/05/01 12:12,2166000,0.6300834293294236,226800,0.0659754948162111,781100,0.2272198368648258,237950,0.0692189990807647,25790,0.0075022399087746,3437640
20260501014635,schedule,,2026/05/01 01:46,2164800,0.633493696667486,222000,0.0649647083611335,770300,0.2254158326602755,234350,0.0685787360559984,25790,0.0075470262551064,3417240
20260917033433_本月,schedule,2026/09,2026/09/17 03:34:33,2777060,0.6646551131983485,229800,0.05499980015303252,951728,0.22778437684963154,123610,0.029584531318173842,95999,0.022976178480813614,4178197
20260916225636_本月,schedule,2026/09,2026/09/16 22:56:36,2777060,0.6646551131983485,229800,0.0549998001530325,951728,0.2277843768496315,123610,0.0295845313181738,95999,0.0229761784808136,4178197
20260916124303_本月,schedule,2026/09,2026/09/16 12:43:03,2727860,0.6602946256084983,229800,0.055624447356108,954008,0.2309232714243078,123610,0.0299205306252763,95999,0.0232371249858094,4131277
20260916034259_本月,schedule,2026/09,2026/09/16 03:42:59,2709860,0.6587119644072975,229800,0.0558597157863494,954608,0.2320458292749151,123610,0.0300470821077052,95999,0.0233354084237326,4113877
20260915225857_本月,schedule,2026/09,2026/09/15 22:58:57,2709860,0.6587119644072975,229800,0.0558597157863494,954608,0.2320458292749151,123610,0.0300470821077052,95999,0.0233354084237326,4113877
20260915124616_本月,schedule,2026/09,2026/09/15 12:46:16,2706660,0.6615523331142547,225000,0.0549937099416651,943408,0.2305844707050951,123610,0.0302123221595076,92699,0.0226571640794773,4091377
20260915041920_本月,schedule,2026/09,2026/09/15 04:19:20,2702060,0.6611713827302053,225000,0.0550556098363086,943408,0.2308440122864545,123610,0.0302463285860716,92699,0.0226826665609598,4086777
20260915002229_本月,schedule-00,2026/09,2026/09/15 00:22:29,2702060,0.6611713827302053,225000,0.0550556098363086,943408,0.2308440122864545,123610,0.0302463285860716,92699,0.0226826665609598,4086777
20260914124645_本月,schedule,2026/09,2026/09/14 12:46:45,2652860,0.6578083090557931,225000,0.0557914362377032,938608,0.2327390594853252,115210,0.0285676949730924,101199,0.0250935002480859,4032877
20260914024804_本月,schedule,2026/09,2026/09/14 02:48:04,2620460,0.6562310850178441,225000,0.0563458301706627,931328,0.2332286636497022,115210,0.028851569306498,101199,0.0253428518552928,3993197
20260913222019_本月,schedule,2026/09,2026/09/13 22:20:19,2614460,0.6561087051611412,225000,0.0564646078583175,928928,0.2331180233271607,115210,0.0289123887615855,101199,0.0253962748917949,3984797
20260913123847_本月,schedule,2026/09,2026/09/13 12:38:47,2594460,0.6547703322004332,225000,0.0567838104056711,926528,0.2338301790557584,115210,0.0290758346526105,101199,0.0255398436855267,3962397
20260913022406_本月,schedule,2026/09,2026/09/13 02:24:06,2582460,0.6555803124342346,216600,0.0549858257913986,923728,0.2344965230223317,115210,0.0292470775135135,101199,0.0256902612385214,3939197
20260912213617_本月,schedule,2026/09,2026/09/12 21:36:17,2582460,0.6555803124342346,216600,0.0549858257913986,923728,0.2344965230223317,115210,0.0292470775135135,101199,0.0256902612385214,3939197
20260912122634_本月,schedule,2026/09,2026/09/12 12:26:34,2574060,0.6565982118191556,216600,0.0552509159382567,923728,0.2356270456039427,115210,0.0293880795256073,90699,0.0231357471130376,3920297
20260912031032_本月,schedule,2026/09,2026/09/12 03:10:32,2557860,0.6551732705411777,216600,0.0554801788992435,923728,0.2366047769817194,115210,0.0295100249814489,90699,0.0232317485964103,3904097
20260911222426_本月,schedule,2026/09,2026/09/11 22:24:26,2545260,0.6540567807196048,216600,0.055659814205176,923728,0.2373708626782957,115210,0.0296055733821714,90699,0.0233069690147519,3891497
20260911122956_本月,schedule,2026/09,2026/09/11 12:29:56,2519660,0.6534562515544373,216600,0.0561736996605459,913728,0.2369689854267372,115210,0.0298789101472368,90699,0.0235221532110427,3855897
20260911071820_本月,schedule,2026/09,2026/09/11 07:18:20,2500260,0.6504831156045859,223800,0.0582251930888412,913728,0.2377211315043823,115210,0.0299737466298722,90699,0.0235968131723182,3843697
20260911071553_本月,schedule,2026/09,2026/09/11 07:15:53,2500260,0.6504831156045859,223800,0.0582251930888412,913728,0.2377211315043823,115210,0.0299737466298722,90699,0.0235968131723182,3843697
20260819095001_本月,schedule,2026/08,2026/08/19 09:50:01,2896700,0.6611162450368353,209900,0.0479056512007566,1059739,0.2418651114713608,110190,0.0251487551491728,105000,0.0239642371418744,4381529
20260819004911_本月,schedule-00,2026/08,2026/08/19 00:49:11,2894500,0.6604031231169841,209900,0.0478903491249801,1063339,0.2426092231929835,110190,0.0251407221061532,105000,0.023956582458899,4382929
20260818184223_本月,schedule-18,2026/08,2026/08/18 18:42:23,2891700,0.6601860356167593,209900,0.0479209630583939,1063339,0.2427643112794166,110190,0.0251567933273198,105000,0.0239718967181103,4380129
20260818094657_本月,schedule,2026/08,2026/08/18 09:46:57,2868500,0.6631098917687223,200300,0.0463032634900732,1041839,0.2408414664564873,110190,0.0254725741586179,105000,0.0242728041260993,4325829
20260818004615_本月,schedule-00,2026/08,2026/08/18 00:46:15,2869100,0.6641083146286921,200300,0.046363283057449,1035639,0.2397185426976208,110190,0.0255055924118837,105000,0.0243042672043542,4320229
20260817184538_本月,schedule-18,2026/08,2026/08/17 18:45:38,2872500,0.6643724519379438,200300,0.0463268240637668,1035639,0.2395300336823534,110190,0.0254855354148101,105000,0.0242851549011258,4323629
20260817095202_本月,schedule,2026/08,2026/08/17 09:52:02,2811700,0.6648319571435564,193100,0.0456588721856601,1018199,0.2407551424161937,101190,0.0239265731562245,105000,0.0248274550983651,4229189
20260817004254_本月,schedule-00,2026/08,2026/08/17 00:42:54,2814700,0.6662029179247567,193100,0.0457042610051765,1010999,0.2392903271464138,101190,0.0239503582139503,105000,0.0248521357097024,4224989
20260816183532_本月,schedule-18,2026/08,2026/08/16 18:35:32,2802700,0.6668349595966109,193100,0.0459434940229441,1010999,0.240542861282768,101190,0.0240757232531419,95000,0.0226029618445349,4202989
20260816095359_本月,schedule,2026/08,2026/08/16 09:53:59,2785900,0.6652158423520355,193100,0.0461083237582749,1010999,0.2414058478057595,101190,0.0241620988146029,96775,0.023107887269327,4187964
20260816004222_本月,schedule-00,2026/08,2026/08/16 00:42:22,2782300,0.6649278122075422,193100,0.0461479928610417,1010999,0.2416135403134144,101190,0.0241828865748773,96775,0.0231277680431243,4184364
20260815183523_本月,schedule-18,2026/08,2026/08/15 18:35:23,2778700,0.6654032458134218,193100,0.046240820083698,1010999,0.2420995487508992,101190,0.0242315307315867,91975,0.0220248546203942,4175964
20260815094624_本月,schedule,2026/08,2026/08/15 09:46:24,2769100,0.6646322788887384,193100,0.0463473666727151,1010999,0.242657386632565,101190,0.0242873642341379,91975,0.0220756035718434,4166364
20260815011202_本月,schedule,2026/08,2026/08/15 01:12:02,2769100,0.6646322788887384,193100,0.0463473666727151,1010999,0.242657386632565,101190,0.0242873642341379,91975,0.0220756035718434,4166364
20260814190707_本月,schedule,2026/08,2026/08/14 19:07:07,2764900,0.6642938625195932,193100,0.0463941353584337,1010999,0.2429022498873182,101190,0.0243118723817706,91975,0.0220978798528842,4162164
20260814103900_本月,schedule,2026/08,2026/08/14 10:39:00,2724100,0.6648258532594795,188900,0.0461016863113379,991299,0.2419298863882635,101190,0.0246957630378204,91975,0.0224468110030985,4097464
20260814011335_本月,schedule,2026/08,2026/08/14 01:13:35,2716900,0.6642033764384676,188900,0.0461805800026598,991499,0.2423927945582701,101190,0.0247380248304348,91975,0.0224852241701674,4090464
20260813190919_本月,schedule,2026/08,2026/08/13 19:09:19,2713300,0.6639075829291115,188900,0.0462212591365898,991499,0.242606311342878,101190,0.0247598158392351,91975,0.0225050307521855,4086864
20260813104050_本月,schedule,2026/08,2026/08/13 10:40:50,2676700,0.664146744993653,185300,0.0459769088232988,975119,0.2419479619798505,101190,0.0251074117853729,91975,0.0228209724178246,4030284
20260813011335_本月,schedule,2026/08,2026/08/13 01:13:35,2675400,0.6632153226190287,181700,0.045042320445495,983719,0.2438579330012216,101190,0.0250843830813409,91975,0.0228000408529136,4033984
20260812190923_本月,schedule,2026/08,2026/08/12 19:09:23,2675400,0.6630180928552453,181700,0.0450289255706803,984919,0.2440827977113311,101190,0.0250769233819325,91975,0.0227932604808107,4035184
20260812103849_本月,schedule,2026/08,2026/08/12 10:38:49,2591400,0.6587232147441747,176900,0.0449672519442172,979019,0.2488626005154075,94680,0.0240672663317042,91975,0.0233796664644962,3933974
20260812011312_本月,schedule,2026/08,2026/08/12 01:13:12,2587000,0.6597850432061013,176900,0.0451163409907844,970419,0.247494372571713,94680,0.0241470614189229,91975,0.0234571818124782,3920974
20260811190154_本月,schedule,2026/08,2026/08/11 19:01:54,2582200,0.6597555261104471,176900,0.0451981847141732,965619,0.2467169357010471,94680,0.0241908656231651,94475,0.0241384878511674,3913874
20260811102255_本月,schedule,2026/08,2026/08/11 10:22:55,2487200,0.6531385682105968,161300,0.0423573701561471,970419,0.2548319701770501,94680,0.0248629622218475,94475,0.0248091292343583,3808074
20260811010938_本月,schedule,2026/08,2026/08/11 01:09:38,2472600,0.6524227454527513,161300,0.0425607817040883,966819,0.2551058425689086,94680,0.0249823608911536,94475,0.0249282693830982,3789874
20260810191843_本月,schedule,2026/08,2026/08/10 19:18:43,2467000,0.6528745268842986,161300,0.0426869319766669,961219,0.2543799756210776,94680,0.0250564086766945,94475,0.0250021568412623,3778674
20260810102900_本月,schedule,2026/08,2026/08/10 10:29:00,2429200,0.658181725567591,146900,0.0398019494013992,925519,0.2507655575768118,94680,0.0256531556795403,94475,0.0255976117746575,3690774
20260810005458_本月,schedule-00,2026/08,2026/08/10 00:54:58,2425600,0.6575269980216721,146900,0.0398213703864543,927319,0.2513758568100507,94680,0.0256656728944145,94475,0.0256101018874082,3688974
20260809184859_本月,schedule-18,2026/08,2026/08/09 18:48:59,2417600,0.6567470051673733,146900,0.0399057474599136,927519,0.2519628249031423,94680,0.0257200556126931,94475,0.0256643668568777,3681174
20260809102415_本月,schedule,2026/08,2026/08/09 10:24:15,2415000,0.6585811625607381,146900,0.0400602785839223,915919,0.2497751552097178,94680,0.0258196540253626,94475,0.0257637496202591,3666974
20260809005257_本月,schedule-00,2026/08,2026/08/09 00:52:57,2407800,0.6579094774704668,146900,0.0401390905558649,915919,0.2502665465135278,94680,0.025870449923957,94475,0.0258144355361833,3659774
20260808184718_本月,schedule-18,2026/08,2026/08/08 18:47:18,2402200,0.6579253686622439,146900,0.040233634441963,915919,0.2508560260343659,94680,0.0259313853571481,91475,0.0250535855042788,3651174
20260808101540_本月,schedule,2026/08,2026/08/08 10:15:40,2395600,0.657739031688217,146900,0.0403330538299378,913519,0.2508169571250577,94680,0.025995463149207,91475,0.0251154942075804,3642174
20260808010823_本月,schedule,2026/08,2026/08/08 01:08:23,2388400,0.6583651572562128,146900,0.0404931508963899,906319,0.2498278558697427,94680,0.0260986489235547,91475,0.0252151870540998,3627774
20260807190419_本月,schedule,2026/08,2026/08/07 19:04:19,2388400,0.6583651572562128,146900,0.0404931508963899,906319,0.2498278558697427,94680,0.0260986489235547,91475,0.0252151870540998,3627774
20260807111327_本月,schedule,2026/08,2026/08/07 11:13:27,2310800,0.6508976743111746,146900,0.0413782535729234,906319,0.2552886140228619,94680,0.0266691153729366,91475,0.0257663427201032,3550174
20260806201448_本月,schedule,2026/08,2026/08/06 20:14:48,2278400,0.6494917009077035,146900,0.0418760230263964,896519,0.2555660332716263,94680,0.0269899377817509,91475,0.0260763050125228,3507974
20260806113017_本月,schedule,2026/08,2026/08/06 11:30:17,2217000,0.6445565642722034,143300,0.0416621360668501,893119,0.2596597718205801,94680,0.0275266646392838,91475,0.0265948632010824,3439574
20260806015407_本月,schedule,2026/08,2026/08/06 01:54:07,2199200,0.6438930584744607,143300,0.0419561091666925,888619,0.2601744296692055,92880,0.0271938828988304,91475,0.0267825197908108,3415474
20260805201026_本月,schedule,2026/08,2026/08/05 20:10:26,2194400,0.6443743220473861,143300,0.0420793111326059,888619,0.2609384185578865,92880,0.0272737363433108,86275,0.0253342119188107,3405474
20260805112658_本月,schedule,2026/08,2026/08/05 11:26:58,2162200,0.6434402837303229,138500,0.0412156504008184,880519,0.2620300597493017,92880,0.0276397805720434,86275,0.0256742255475134,3360374
20260805020401_本月,schedule,2026/08,2026/08/05 02:04:01,2140600,0.643407492814792,138500,0.0416294206086371,868719,0.2611138530087701,92880,0.0279172605496766,86275,0.0259319730181239,3326974
20260804201359_本月,schedule,2026/08,2026/08/04 20:13:59,2133400,0.6433317431473741,138500,0.0417649978559629,865119,0.2608786511202368,92880,0.0280081805116378,86275,0.0260164273647884,3316174
20260804113152_本月,schedule,2026/08,2026/08/04 11:31:52,2093600,0.6412695028813633,138500,0.0424225382828949,853519,0.2614327974922613,92880,0.0284491361423485,86275,0.0264260252011318,3264774
20260804020641_本月,schedule,2026/08,2026/08/04 02:06:41,2043600,0.637753270997705,139700,0.0435966588169795,841919,0.2627405540052441,92880,0.0289853806078816,86275,0.0269241355721897,3204374
20260803211743_本月,schedule,2026/08,2026/08/03 21:17:43,2038800,0.6408148922514454,134900,0.0424003967847361,828719,0.2604745324169735,92880,0.0291930975045684,86275,0.0271170810422765,3181574
20260803114830_本月,schedule,2026/08,2026/08/03 11:48:30,1975200,0.6430683921076312,131300,0.0427475090541372,795319,0.258933024778579,88080,0.0286763183357838,81625,0.0265747557238686,3071524
20260803011642_本月,schedule,2026/08,2026/08/03 01:16:42,1966400,0.6455204870029256,127700,0.0419207517241017,782419,0.2568488069163659,88080,0.028914485605786,81625,0.0267954687508206,3046224
20260802193141_本月,schedule,2026/08,2026/08/02 19:31:41,1958200,0.6445637032492173,127700,0.0420339009830073,782419,0.2575420734003418,88080,0.0289925293546068,81625,0.0268677930128267,3038024
20260802114651_本月,schedule,2026/08,2026/08/02 11:46:51,1954600,0.6446518892990293,127700,0.0421170808674337,780019,0.2572601668060675,88080,0.0290499019796677,81625,0.0269209610478017,3032024
20260802011534_本月,schedule,2026/08,2026/08/02 01:15:34,1947400,0.644317276464189,127700,0.0422508556046405,777619,0.2572832269727874,88080,0.0291421719785179,81625,0.0270064689798651,3022424
20260801193254_本月,schedule,2026/08,2026/08/01 19:32:54,1938800,0.6449286546844147,127700,0.0424785378601195,770019,0.2561415915780061,88080,0.0292992138975671,81625,0.0271520019798923,3006224
20260801114516_本月,schedule,2026/08,2026/08/01 11:45:16,1935200,0.6438168036451901,127700,0.0424841906911382,773219,0.2572402775412,88080,0.0293031128901758,81625,0.0271556152322957,3005824
20260801015300_本月,schedule,2026/08,2026/08/01 01:53:00,1935200,0.6438168036451901,127700,0.0424841906911382,773219,0.2572402775412,88080,0.0293031128901758,81625,0.0271556152322957,3005824
20260731201039_本月,schedule,2026/07,2026/07/31 20:10:39,3274200,0.6996427424405698,257800,0.0550876241528247,851717,0.1819979285514796,140000,0.0299156996950949,156100,0.0333560051600308,4679817
20260731114604_本月,schedule,2026/07,2026/07/31 11:46:04,3274200,0.6996427424405698,257800,0.0550876241528247,851717,0.1819979285514796,140000,0.0299156996950949,156100,0.0333560051600308,4679817
20260731014930_本月,schedule,2026/07,2026/07/31 01:49:30,3274200,0.6982104598503396,257800,0.0549748508183426,856517,0.1826489305600248,144800,0.0308780387839255,156100,0.0332877199873673,4689417
20260730200156_本月,schedule,2026/07,2026/07/30 20:01:56,3274200,0.6982104598503396,257800,0.0549748508183426,856517,0.1826489305600248,144800,0.0308780387839255,156100,0.0332877199873673,4689417
20260730111915_本月,schedule,2026/07,2026/07/30 11:19:15,3274200,0.6982104598503396,257800,0.0549748508183426,856517,0.1826489305600248,144800,0.0308780387839255,156100,0.0332877199873673,4689417
20260730013915_本月,schedule,2026/07,2026/07/30 01:39:15,3274200,0.6982104598503396,257800,0.0549748508183426,856517,0.1826489305600248,144800,0.0308780387839255,156100,0.0332877199873673,4689417
20260729201439_本月,schedule,2026/07,2026/07/29 20:14:39,3274200,0.6982104598503396,257800,0.0549748508183426,856517,0.1826489305600248,144800,0.0308780387839255,156100,0.0332877199873673,4689417
20260729113149_本月,schedule,2026/07,2026/07/29 11:31:49,3274200,0.6982104598503396,257800,0.0549748508183426,856517,0.1826489305600248,144800,0.0308780387839255,156100,0.0332877199873673,4689417
20260729014549_本月,schedule,2026/07,2026/07/29 01:45:49,3274200,0.698121136874344,257800,0.0549678178138799,854717,0.1822417701257799,147200,0.0313858137401207,156100,0.0332834614458753,4690017
20260728200810_本月,schedule,2026/07,2026/07/28 20:08:10,3274200,0.698121136874344,257800,0.0549678178138799,854717,0.1822417701257799,147200,0.0313858137401207,156100,0.0332834614458753,4690017
20260728112944_本月,schedule,2026/07,2026/07/28 11:29:44,3274200,0.698121136874344,257800,0.0549678178138799,854717,0.1822417701257799,147200,0.0313858137401207,156100,0.0332834614458753,4690017
20260728015629_本月,schedule,2026/07,2026/07/28 01:56:29,3267600,0.697695720880716,257800,0.0550452799740018,854717,0.1824985902387081,147200,0.0314300434917497,156100,0.0333303654148242,4683417
20260727211930_本月,schedule,2026/07,2026/07/27 21:19:30,3267600,0.697695720880716,257800,0.0550452799740018,854717,0.1824985902387081,147200,0.0314300434917497,156100,0.0333303654148242,4683417
20260727115737_本月,schedule,2026/07,2026/07/27 11:57:37,3241400,0.6970727203793018,257800,0.0554406575287789,847517,0.1822610540993721,147200,0.0316557982476193,156100,0.0335697697449278,4650017
20260727011632_本月,schedule,2026/07,2026/07/27 01:16:32,3233400,0.6970912705778717,257800,0.0555793064746011,843917,0.1819407353845072,147200,0.0317349647519832,156100,0.0336537228110366,4638417
20260726193512_本月,schedule,2026/07,2026/07/26 19:35:12,3233400,0.6970912705778717,257800,0.0555793064746011,843917,0.1819407353845072,147200,0.0317349647519832,156100,0.0336537228110366,4638417
20260726114942_本月,schedule,2026/07,2026/07/26 11:49:42,3233400,0.6974521448044734,255400,0.0550903933268579,843917,0.1820349235130069,147200,0.0317513934914388,156100,0.0336711448642228,4636017
20260726011643_本月,schedule,2026/07,2026/07/26 01:16:43,3233400,0.6974521448044734,255400,0.0550903933268579,843917,0.1820349235130069,147200,0.0317513934914388,156100,0.0336711448642228,4636017
20260725192314_本月,schedule,2026/07,2026/07/25 19:23:14,3233400,0.6977531588684288,255400,0.0551141698444351,843917,0.1821134881464612,147200,0.0317650971068945,154100,0.0332540860337801,4634017
20260725113300_本月,schedule,2026/07,2026/07/25 11:33:00,3233400,0.6977531588684288,255400,0.0551141698444351,843917,0.1821134881464612,147200,0.0317650971068945,154100,0.0332540860337801,4634017
20260725015251_本月,schedule,2026/07,2026/07/25 01:52:51,3229800,0.6975181716895045,255400,0.0551570193354075,843917,0.182255075514797,147200,0.031789793446249,154100,0.0332799400140419,4630417
20260724195316_本月,schedule,2026/07,2026/07/24 19:53:16,3217800,0.6967322353091979,255400,0.0553003334259336,843917,0.1827286275795364,147200,0.0318723926401622,154100,0.0333664110451698,4618417
20260724113619_本月,schedule,2026/07,2026/07/24 11:36:19,3217800,0.6967322353091979,255400,0.0553003334259336,843917,0.1827286275795364,147200,0.0318723926401622,154100,0.0333664110451698,4618417
20260724014634_本月,schedule,2026/07,2026/07/24 01:46:34,3195000,0.6955909115550168,253000,0.0550812208524004,843917,0.1837311409410877,147200,0.0320472557686693,154100,0.0335494708828257,4593217
20260723200040_本月,schedule,2026/07,2026/07/23 20:00:40,3197400,0.6961134211599408,253000,0.0550812208524004,843917,0.1837311409410877,147200,0.0320472557686693,151700,0.0330269612779017,4593217
20260723113850_本月,schedule,2026/07,2026/07/23 11:38:50,3197400,0.6966594380315394,253000,0.0551244254150182,840317,0.183090876646134,147200,0.0320723929687379,151700,0.0330528669385702,4589617
20260723014154_本月,schedule,2026/07,2026/07/23 01:41:54,3186600,0.6959439523352866,253000,0.0552544467271786,840317,0.1835227308713145,147200,0.0321480417321766,151700,0.0331308283340434,4578817
20260722200054_本月,schedule,2026/07,2026/07/22 20:00:54,3186600,0.6959439523352866,253000,0.0552544467271786,840317,0.1835227308713145,147200,0.0321480417321766,151700,0.0331308283340434,4578817
20260722113725_本月,schedule,2026/07,2026/07/22 11:37:25,3179400,0.6963790436210484,250600,0.0548885287574494,836717,0.1832648248856616,147200,0.0322409873627157,151700,0.0332266153731248,4565617
20260722014608_本月,schedule,2026/07,2026/07/22 01:46:08,3167600,0.6958673484743136,250600,0.055052518476974,836717,0.1838123627394186,145400,0.0319418842240703,151700,0.0333258860852233,4552017
20260721195801_本月,schedule,2026/07,2026/07/21 19:58:01,3164800,0.6960473667622866,248200,0.0545876379014154,836717,0.1840225810715496,145400,0.0319784147899508,151700,0.0333639994747974,4546817
20260721113706_本月,schedule,2026/07,2026/07/21 11:37:06,3128800,0.6938830817652325,248200,0.0550440363379349,836717,0.1855611641924572,143700,0.0318687672109639,151700,0.0336429504934114,4509117
20260721022032_本月,schedule,2026/07,2026/07/21 02:20:32,3106200,0.6921713684568002,248200,0.0553077501934768,839117,0.186984985572521,142400,0.0317317632052824,151700,0.0338041325719195,4487617
20260720202550_本月,schedule,2026/07,2026/07/20 20:25:50,3106200,0.6921713684568002,248200,0.0553077501934768,839117,0.186984985572521,142400,0.0317317632052824,151700,0.0338041325719195,4487617
20260720115729_本月,schedule,2026/07,2026/07/20 11:57:29,3079800,0.6905045202957614,248200,0.0556475167015416,839317,0.1881785123907648,141200,0.0316576525312557,151700,0.0340117980806763,4460217
20260720011638_本月,schedule,2026/07,2026/07/20 01:16:38,3081000,0.6904639554732547,248200,0.0556225750563004,836517,0.1874666785591108,144800,0.0324502371803074,151700,0.0339965537310265,4462217
20260719191954_本月,schedule,2026/07,2026/07/19 19:19:54,3073800,0.6899636971082265,248200,0.0557124697840659,836517,0.1877696538531727,144800,0.0325026818079482,151700,0.0340514974465866,4455017
20260719114521_本月,schedule,2026/07,2026/07/19 11:45:21,3055000,0.68864981131446,248200,0.0559485705951715,836517,0.1885653925405362,144800,0.0326404231352974,151700,0.0341958024145347,4436217
20260719011502_本月,schedule,2026/07,2026/07/19 01:15:02,3059800,0.6889863290322915,248200,0.0558880995051358,836517,0.1883615847451158,144800,0.032605144272134,151700,0.0341588424453227,4441017
20260718191648_本月,schedule,2026/07,2026/07/18 19:16:48,3039400,0.688298450773662,248200,0.0562070393768582,836517,0.1894365187687805,144800,0.0327912139474982,146900,0.0332667771332009,4415817
20260718112426_本月,schedule,2026/07,2026/07/18 11:24:26,3030400,0.6876618656958072,248200,0.0563218304731056,836517,0.1898234031501648,144800,0.0328581831285483,146900,0.0333347175523739,4406817
20260718013150_本月,schedule,2026/07,2026/07/18 01:31:50,3035200,0.6885635876631148,248200,0.0563064979105116,832917,0.1889550335218761,144800,0.032849238104118,146900,0.0333256428003794,4408017
20260717193819_本月,schedule,2026/07,2026/07/17 19:38:19,3032800,0.6883939298400201,248200,0.0563371713882527,832917,0.1890579684979425,144800,0.0328671330258622,146900,0.0333437972479223,4405617
20260717113209_本月,schedule,2026/07,2026/07/17 11:32:09,3018800,0.6879645179132169,248200,0.0565631354664305,829317,0.1889958493779764,144800,0.0329989605783204,146900,0.0334775366640557,4388017
20260717014053_本月,schedule,2026/07,2026/07/17 01:40:53,3005600,0.6875888339563101,248200,0.0567805258810075,825717,0.1888986522517642,144800,0.0331257862512888,146900,0.0336062016596293,4371217
20260716195148_本月,schedule,2026/07,2026/07/16 19:51:48,2999200,0.6879740115018648,248200,0.0569335655023882,825717,0.1894077876951471,144800,0.0332150696403941,141550,0.0324695656602057,4359467
20260716113115_本月,schedule,2026/07,2026/07/16 11:31:15,2951000,0.6875314963280785,233800,0.054471319498985,825717,0.192377649797876,144800,0.0337358728120317,136850,0.0318836615630286,4292167
20260716013926_本月,schedule,2026/07,2026/07/16 01:39:26,2947600,0.6881340073043618,231400,0.0540216478797086,824418,0.1924650773625482,143200,0.0334308555590937,136850,0.0319484118942875,4283468
20260715194546_本月,schedule,2026/07,2026/07/15 19:45:46,2942800,0.6889757327332305,231400,0.054175949624327,824418,0.1930148143361643,143200,0.0335263439334642,129450,0.0303071593728138,4271268
20260715112606_本月,schedule,2026/07,2026/07/15 11:26:06,2896400,0.6883295768783622,229000,0.0544218592408317,814818,0.1936415305803319,138200,0.0328432355767814,129450,0.0307637977236928,4207868
20260715013445_本月,schedule,2026/07,2026/07/15 01:34:45,2901200,0.6895686226786599,229000,0.0544296203617169,809418,0.1923856526372933,138200,0.0328479193623985,129450,0.0307681849599312,4207268
20260714194220_本月,schedule,2026/07,2026/07/14 19:42:20,2895600,0.6891548784911136,229000,0.0545021643785277,809418,0.192642065008468,138200,0.0328916992013647,129450,0.0308091929205258,4201668
20260714112659_本月,schedule,2026/07,2026/07/14 11:26:59,2842800,0.6860836612752738,225000,0.054301682772948,809418,0.1953455976298401,138200,0.0333533002632062,128100,0.0309157580587317,4143518
20260714020915_本月,schedule,2026/07,2026/07/14 02:09:15,2818500,0.6858635456407696,225000,0.0547522787898432,799618,0.1945818118283416,138200,0.0336300663500281,128100,0.0311722973910174,4109418
20260713204106_本月,schedule,2026/07,2026/07/13 20:41:06,2808900,0.685495817326066,225000,0.0549099501222417,799618,0.1951421533193187,138200,0.0337269115861947,125900,0.0307251676461788,4097618
20260713115137_本月,schedule,2026/07,2026/07/13 11:51:37,2842600,0.6862987478295132,221400,0.0534533676104461,812418,0.1961448871153723,139610,0.0337065250772104,125900,0.0303964723674578,4141928
20260713011836_本月,schedule,2026/07,2026/07/13 01:18:36,2732000,0.6778604619772882,219000,0.0543380092141384,813818,0.2019235159024278,139610,0.0346398605771043,125900,0.0312381523290412,4030328
20260712192238_本月,schedule,2026/07,2026/07/12 19:22:38,2721200,0.6769949108452534,219000,0.0544840090677313,813818,0.2024660606917031,139610,0.0347329338171048,125900,0.0313220855782071,4019528
20260712115001_本月,schedule,2026/07,2026/07/12 11:50:01,2710400,0.6767324290259887,215400,0.0537810526904508,813818,0.2031940052852243,139610,0.034857812284651,125900,0.031434700713685,4005128
20260712011636_本月,schedule,2026/07,2026/07/12 01:16:36,2726000,0.677986673060202,215400,0.0535723878859748,813818,0.2024056340045882,139610,0.0347225676544148,125900,0.03131273739482,4020728
20260711191656_本月,schedule,2026/07,2026/07/11 19:16:56,2726000,0.677986673060202,215400,0.0535723878859748,813818,0.2024056340045882,139610,0.0347225676544148,125900,0.03131273739482,4020728
20260711113547_本月,schedule,2026/07,2026/07/11 11:35:47,2716400,0.6788406828591478,205800,0.0514303536049229,813818,0.2033768100585576,139610,0.0348891723361675,125900,0.031462981141204,4001528
20260711020210_本月,schedule,2026/07,2026/07/11 02:02:10,2697800,0.677953664538334,205800,0.051717274876562,810218,0.2036067396304099,139610,0.0350838131463402,125900,0.0316385078083535,3979328
20260710203515_本月,schedule,2026/07,2026/07/10 20:35:15,2681000,0.67658827899765,205800,0.0519365415209684,810218,0.204469974723207,139610,0.0352325586090495,125900,0.031772646149125,3962528
20260710120824_本月,schedule,2026/07,2026/07/10 12:08:24,2678600,0.6770077198998719,202200,0.0511054136353894,810218,0.2047800495788226,139610,0.0352859881188759,125900,0.0318208287670401,3956528
20260710021036_本月,schedule,2026/07,2026/07/10 02:10:36,2648000,0.6744902097032854,197400,0.0502811055118687,815018,0.2075988148534563,139610,0.0355610189488956,125900,0.0320688509824938,3925928
20260709120851_本月,schedule,2026/07,2026/07/09 12:08:51,2744600,0.6849465489135589,192600,0.0480655488307044,805818,0.2011011652526511,141410,0.035290494600986,122600,0.0305962424020995,4007028
20260709015231_本月,schedule,2026/07,2026/07/09 01:52:31,2740000,0.6853344432082856,195000,0.0487738016151882,800918,0.2003272597027349,139530,0.0348995309711139,122600,0.0306649645026773,3998048
20260708195540_本月,schedule,2026/07,2026/07/08 19:55:40,2732200,0.6852603071206176,195000,0.0489077519539273,800918,0.2008774301509518,139530,0.0349953775904178,119450,0.0299591331840852,3987098
20260708113833_本月,schedule,2026/07,2026/07/08 11:38:33,2696000,0.6823765128839064,193800,0.0490521395389098,802118,0.2030216927898417,139530,0.0353160218259241,119450,0.0302336329614178,3950898
20260708022045_本月,schedule,2026/07,2026/07/08 02:20:45,2681000,0.683301398359363,189000,0.0481700724691979,794618,0.2025227864832228,139530,0.0355617471514665,119450,0.0304439955367496,3923598
20260707203725_本月,schedule,2026/07,2026/07/07 20:37:25,2683800,0.6835272430354743,189000,0.0481357213405263,794618,0.2023783630696633,139530,0.0355363872944108,119450,0.0304222852599252,3926398
20260707121303_本月,schedule,2026/07,2026/07/07 12:13:03,2667000,0.684829850467261,189000,0.0485312492457114,779418,0.2001382498655761,139530,0.0358283873399688,119450,0.0306722630814826,3894398
20260707022047_本月,schedule,2026/07,2026/07/07 02:20:47,2670200,0.686074350500694,189000,0.0485611760334923,776218,0.1994394652823562,137130,0.0352338310554116,119450,0.0306911771280458,3891998
20260706220013_本月,schedule,2026/07,2026/07/06 22:00:13,2660600,0.6852981069946976,189000,0.0486812531842433,776218,0.1999326189638465,137130,0.0353209536992343,119450,0.0307670671579781,3882398
20260706122429_本月,schedule,2026/07,2026/07/06 12:24:29,2588400,0.6815887305607387,189000,0.0497683009102069,763618,0.2010792084891555,137130,0.0361096672159612,119450,0.0314540928239376,3797598
20260706013217_本月,schedule,2026/07,2026/07/06 01:32:17,2574000,0.6829582546410118,189000,0.0501472844316826,752918,0.1997713920620828,133530,0.0354294544453047,119450,0.0316936144199179,3768898
20260705194646_本月,schedule,2026/07,2026/07/05 19:46:46,2570400,0.6826551311476542,189000,0.0501952302314451,752918,0.1999623934148107,133530,0.0354633285333591,119450,0.0317239166727308,3765298
20260705121633_本月,schedule,2026/07,2026/07/05 12:16:33,2570400,0.6837446778627286,189000,0.0502753439604947,749318,0.1993239163269312,133530,0.0355199295187559,117050,0.0311361323310894,3759298
20260705012012_本月,schedule,2026/07,2026/07/05 01:20:12,2559000,0.6832932008721802,189000,0.0504659691148269,746518,0.1993320335008589,133530,0.0356546077031896,117050,0.0312541888089443,3745098
20260704194349_本月,schedule,2026/07,2026/07/04 19:43:49,2559000,0.683804443152309,189000,0.0505037279233241,743718,0.1987329710247553,133530,0.0356812846010659,117050,0.0312775732985454,3742298
20260704115708_本月,schedule,2026/07,2026/07/04 11:57:08,2533000,0.6828049075692953,186600,0.0503005905062891,743718,0.2004793921230245,133530,0.0359948437851275,112850,0.0304202660162633,3709698
20260704014847_本月,schedule,2026/07,2026/07/04 01:48:47,2520200,0.6817066632620105,186600,0.0504747493709591,743718,0.2011735243980223,133530,0.0361194709726911,112850,0.0305255919963169,3696898
20260703201923_本月,schedule,2026/07,2026/07/03 20:19:23,2520400,0.6817238818121673,186600,0.0504720188645256,743718,0.201162641617831,133530,0.0361175170363349,112850,0.030523940669141,3697098
20260703120341_本月,schedule,2026/07,2026/07/03 12:03:41,2506200,0.6814218338844633,179400,0.0487778617025268,750318,0.2040072889460229,133530,0.0363060639528339,108450,0.0294869515141529,3677898
20260703020231_本月,schedule,2026/07,2026/07/03 02:02:31,2467800,0.6809230621505779,179400,0.0495006067549289,735018,0.2028084558294,133530,0.0368440134893292,108450,0.0299238617757639,3624198
20260702202027_本月,schedule,2026/07,2026/07/02 20:20:27,2459400,0.6807748775967102,179400,0.0496588651869764,735018,0.2034568549163937,133530,0.0369618075162595,105300,0.02914759478366,3612648
20260702121718_本月,schedule,2026/07,2026/07/02 12:17:18,2402200,0.6778124901242872,175800,0.049604294298497,730518,0.2061253120725227,133530,0.037677254935599,102000,0.0287806485690938,3544048
20260702021705_本月,schedule,2026/07,2026/07/02 02:17:05,2359600,0.6775498858881486,175800,0.0504802805302324,711618,0.2043383178063877,133530,0.0383426158088847,102000,0.0292888999663464,3482548
20260701204509_本月,schedule,2026/07,2026/07/01 20:45:09,2338300,0.6755655763470286,175800,0.050790928589919,711618,0.2055957851041011,133530,0.0385785705040494,102000,0.0294691394549018,3461248
20260701124932_本月,schedule,2026/07,2026/07/01 12:49:32,2305700,0.6791161975854956,171000,0.0503659928816063,690118,0.2032659548273006,133530,0.0393296551431631,94800,0.0279221995624343,3395148
20260701021533_本月,schedule,2026/07,2026/07/01 02:15:33,2294300,0.6807308918841615,171000,0.0507366004934802,676718,0.2007857942265902,133530,0.0396190541748211,94800,0.0281276592209469,3370348
20260630202232_本月,schedule,2026/06,2026/06/30 20:22:32,3143300,0.6441073693973078,344400,0.0705725123343087,1059827,0.2171737921885409,237330,0.0486323297105154,95230,0.019513996369327,4880087
20260630122135_本月,schedule,2026/06,2026/06/30 12:21:35,3143300,0.6441073693973078,344400,0.0705725123343087,1059827,0.2171737921885409,237330,0.0486323297105154,95230,0.019513996369327,4880087
20260630022356_本月,schedule,2026/06,2026/06/30 02:23:56,3143300,0.6441073693973078,344400,0.0705725123343087,1059827,0.2171737921885409,237330,0.0486323297105154,95230,0.019513996369327,4880087
20260629221803_本月,schedule,2026/06,2026/06/29 22:18:03,3143300,0.6441073693973078,344400,0.0705725123343087,1059827,0.2171737921885409,237330,0.0486323297105154,95230,0.019513996369327,4880087
20260629125610_本月,schedule,2026/06,2026/06/29 12:56:10,0,0.0,344400,0.198297200520271,1059827,0.6102227849471467,237330,0.1366488809508592,95230,0.054831133581723,1736787
20260629013615_本月,schedule,2026/06,2026/06/29 01:36:15,3145100,0.6439220299708023,346800,0.071003198624487,1059827,0.2169870443731091,237330,0.0485905107541796,95230,0.0194972162774218,4884287
20260628195722_本月,schedule,2026/06,2026/06/28 19:57:22,3145100,0.6439220299708023,346800,0.071003198624487,1059827,0.2169870443731091,237330,0.0485905107541796,95230,0.0194972162774218,4884287
20260628124630_本月,schedule,2026/06,2026/06/28 12:46:30,3145100,0.6439220299708023,346800,0.071003198624487,1059827,0.2169870443731091,237330,0.0485905107541796,95230,0.0194972162774218,4884287
20260628013112_本月,schedule,2026/06,2026/06/28 01:31:12,3145100,0.6439220299708023,346800,0.071003198624487,1059827,0.2169870443731091,237330,0.0485905107541796,95230,0.0194972162774218,4884287
20260627194449_本月,schedule,2026/06,2026/06/27 19:44:49,3145100,0.6439220299708023,346800,0.071003198624487,1059827,0.2169870443731091,237330,0.0485905107541796,95230,0.0194972162774218,4884287
20260627121306_本月,schedule,2026/06,2026/06/27 12:13:06,3136700,0.6436253959433974,346800,0.0711605468527976,1057427,0.2169754428400034,237330,0.0486981908436402,95230,0.0195404235201612,4873487
20260627020405_本月,schedule,2026/06,2026/06/27 02:04:05,3136700,0.6439953953107642,346800,0.0712014547434479,1054627,0.2165253074155658,237330,0.0487261858542747,95230,0.0195516566759473,4870687
20260626202439_本月,schedule,2026/06,2026/06/26 20:24:39,3136700,0.6445247043830844,346800,0.071259976242565,1054627,0.2167032726781073,237330,0.048766234606828,91230,0.0187458120894152,4866687
20260626123633_本月,schedule,2026/06,2026/06/26 12:36:33,3130100,0.6433271736210578,346800,0.0712775514557946,1054627,0.2167567193171002,239730,0.0492715323255411,94230,0.0193670232805061,4865487
20260626022638_本月,schedule,2026/06,2026/06/26 02:26:38,3146900,0.644316941938176,346800,0.0710061061565856,1054627,0.2159312477439488,241530,0.0494524360438296,94230,0.0192932681174598,4884087
20260625203220_本月,schedule,2026/06,2026/06/25 20:32:20,3146900,0.644316941938176,346800,0.0710061061565856,1054627,0.2159312477439488,241530,0.0494524360438296,94230,0.0192932681174598,4884087
20260625122017_本月,schedule,2026/06,2026/06/25 12:20:17,3125500,0.643996532659206,342600,0.0705913332551732,1049427,0.2162301549444737,241530,0.0497662718071278,94230,0.0194157073340191,4853287
20260625020850_本月,schedule,2026/06,2026/06/25 02:08:50,3114300,0.6431730780549791,342600,0.0707546146940358,1049427,0.2167303065806128,241530,0.049881383791741,94230,0.019460616878631,4842087
20260624202834_本月,schedule,2026/06,2026/06/24 20:28:34,3110100,0.6428632996182011,342600,0.0708160401431451,1049427,0.2169184604766502,241530,0.0499246881954869,94230,0.0194775115665165,4837887
20260624122043_本月,schedule,2026/06,2026/06/24 12:20:43,3105900,0.642526397493363,342600,0.0708746398085019,1049627,0.2171393332115541,241530,0.0499660004464316,94230,0.0194936290401492,4833887
20260624021512_本月,schedule,2026/06,2026/06/24 02:15:12,3099300,0.6432222168492966,342600,0.0711024849135511,1047027,0.2172977859649174,241530,0.0501266292503502,87940,0.0182508830218846,4818397
20260623204555_本月,schedule,2026/06,2026/06/23 20:45:55,3099300,0.6438903751342347,342600,0.0711763438586096,1047027,0.2175235078261776,241530,0.0501786991598656,82940,0.0172310740211123,4813397
20260623121727_本月,schedule,2026/06,2026/06/23 12:17:27,3085300,0.6445437314346106,342600,0.0715718673676782,1034427,0.2161000351592098,241530,0.0504575397703307,82940,0.0173268262681705,4786797
20260623034734_本月,schedule,2026/06,2026/06/23 03:47:34,3071700,0.642776832746819,342600,0.071691683074213,1040027,0.2176336429440296,241530,0.0505420087942634,82940,0.0173558324406749,4778797
20260622233218_本月,schedule,2026/06,2026/06/22 23:32:18,3071700,0.642776832746819,342600,0.071691683074213,1040027,0.2176336429440296,241530,0.0505420087942634,82940,0.0173558324406749,4778797
20260622132536_本月,schedule,2026/06,2026/06/22 13:25:36,3051300,0.6421900758871548,339000,0.0713474373957806,1036627,0.2181730973016988,241530,0.0508334706613654,82940,0.0174559187540001,4751397
20260622015300_本月,schedule,2026/06,2026/06/22 01:53:00,3044900,0.6417074657792197,330600,0.0696733844088837,1042627,0.2197318565217217,243930,0.0514078301840865,82940,0.0174794631060883,4744997
20260621201958_本月,schedule,2026/06,2026/06/21 20:19:58,3044900,0.6417074657792197,330600,0.0696733844088837,1042627,0.2197318565217217,243930,0.0514078301840865,82940,0.0174794631060883,4744997
20260621131419_本月,schedule,2026/06,2026/06/21 13:14:19,3040700,0.6413900447540782,330600,0.069735109940375,1042627,0.2199265229032165,243930,0.0514533737681659,82940,0.0174949486341642,4740797
20260621014856_本月,schedule,2026/06,2026/06/21 01:48:56,3048700,0.6427521353213876,330600,0.0696998248227935,1037027,0.2186346044661438,243930,0.0514273389867635,82940,0.0174860964029113,4743197
20260620200710_本月,schedule,2026/06,2026/06/20 20:07:10,3046300,0.6425712807361293,330600,0.069735109940375,1037027,0.2187452869211653,243930,0.0514533737681659,82940,0.0174949486341642,4740797
20260620123736_本月,schedule,2026/06,2026/06/20 12:37:36,3046300,0.6428967433501245,330600,0.0697704308018091,1034627,0.2183495810925087,243930,0.051479434922823,82940,0.0175038098327345,4738397
20260620020802_本月,schedule,2026/06,2026/06/20 02:08:02,3037300,0.6427064048667347,327000,0.069194677638502,1034627,0.2189317484437016,243930,0.0516166902640972,82940,0.0175504787869644,4725797
20260619214800_本月,schedule,2026/06,2026/06/19 21:48:00,3037300,0.6427064048667347,327000,0.069194677638502,1034627,0.2189317484437016,243930,0.0516166902640972,82940,0.0175504787869644,4725797
20260619132001_本月,schedule,2026/06,2026/06/19 13:20:01,3022300,0.6415687196879849,327000,0.0694150055712441,1034627,0.2196288653491118,243930,0.0517810468164941,82940,0.017606362575165,4710797
20260619023648_本月,schedule,2026/06,2026/06/19 02:36:48,3016100,0.6410963574563348,327000,0.0695064848274995,1034627,0.219918305436151,243930,0.0518492869846237,82940,0.0176295652953908,4704597
20260618213915_本月,schedule,2026/06,2026/06/18 21:39:15,3010500,0.6415971025939448,327000,0.0696901685926656,1034627,0.2204994803074125,243930,0.051986308332749,76140,0.016226940173228,4692197
20260618125735_本月,schedule,2026/06,2026/06/18 12:57:35,2998500,0.6423250775406436,323400,0.0692772819998813,1026227,0.2198336959644162,243930,0.0522535788442518,76140,0.0163103656508069,4668197
20260618023537_本月,schedule,2026/06,2026/06/18 02:35:37,2990300,0.6422524950294859,323400,0.0694594043716469,1022187,0.2195439090180601,243930,0.0523909477686327,76140,0.0163532438121743,4655957
20260617215617_本月,schedule,2026/06,2026/06/17 21:56:17,2990300,0.642665206952897,323400,0.0695040390357378,1022187,0.2196849880946931,243930,0.0524246142300171,73150,0.0157211516866549,4652967
20260617130741_本月,schedule,2026/06,2026/06/17 13:07:41,2952500,0.6415316625480443,323400,0.0702697170763886,1009287,0.2193021395759959,243930,0.0530021400322927,73150,0.0158943407672783,4602267
20260617035045_本月,schedule,2026/06,2026/06/17 03:50:45,2948300,0.6425176107750659,323400,0.0704779687700221,999888,0.2179037576917746,243930,0.0531592174461085,73150,0.0159414453170288,4588668
20260616232152_本月,schedule,2026/06,2026/06/16 23:21:52,2948300,0.6425176107750659,323400,0.0704779687700221,999888,0.2179037576917746,243930,0.0531592174461085,73150,0.0159414453170288,4588668
20260616132639_本月,schedule,2026/06,2026/06/16 13:26:39,2900500,0.6387545288698108,321000,0.0706913303800066,1002288,0.2207260814452215,243930,0.0537188044224143,73150,0.0161092548825466,4540868
20260616035641_本月,schedule,2026/06,2026/06/16 03:56:41,2881700,0.6363520731514499,316200,0.0698249385885027,1013488,0.2238037234667441,243930,0.0538658990192709,73150,0.0161533657740321,4528468
20260616000542_本月,schedule-00,2026/06,2026/06/16 00:05:42,2881700,0.6363520731514499,316200,0.0698249385885027,1013488,0.2238037234667441,243930,0.0538658990192709,73150,0.0161533657740321,4528468
20260615132345_本月,schedule,2026/06,2026/06/15 13:23:45,2824100,0.6328277165139777,316200,0.0708544753945397,1007688,0.2258039361207242,241530,0.0541223322012751,73150,0.0163915397694831,4462668
20260615014903_本月,schedule,2026/06,2026/06/15 01:49:03,2805500,0.6313762133540739,316200,0.0711606339912878,1007088,0.2266445938172616,241530,0.0543561920553945,73150,0.016462366781982,4443468
20260614201155_本月,schedule,2026/06,2026/06/14 20:11:55,2797100,0.6321889998978408,316200,0.0714662192155079,996488,0.2252221057989344,241530,0.054589613937766,73150,0.0165330611499506,4424468
20260614130238_本月,schedule,2026/06,2026/06/14 13:02:38,2787300,0.6322030961235401,316400,0.0717644529162587,990488,0.2246581208600484,241530,0.0547827696361061,73150,0.0165915604640465,4408868
20260614014649_本月,schedule,2026/06,2026/06/14 01:46:49,2778900,0.6318456194856469,316400,0.0719406794074125,988088,0.2246641025104659,241530,0.0549172955033892,73150,0.0166323030930854,4398068
20260613200217_本月,schedule,2026/06,2026/06/13 20:02:17,2776100,0.6323016134043113,316400,0.0720652103602622,983288,0.2239597236558836,241530,0.0550123585913847,73150,0.0166610939881579,4390468
20260613124455_本月,schedule,2026/06,2026/06/13 12:44:55,2772500,0.6333859384437964,316400,0.0722825287371026,983288,0.2246350920254368,241530,0.0551782527366384,63550,0.0145181880570255,4377268
20260613022029_本月,schedule,2026/06,2026/06/13 02:20:29,2764100,0.6332028182462107,312800,0.0716565397588418,983288,0.2252526076291306,241530,0.0553299362146837,63550,0.0145580981511329,4365268
20260612214024_本月,schedule,2026/06,2026/06/12 21:40:24,2761700,0.6329720279399725,312800,0.0716926713037706,983488,0.2254120265831291,241530,0.0553578353580553,63550,0.0145654388150723,4363068
20260612125852_本月,schedule,2026/06,2026/06/12 12:58:52,2702100,0.6312922461864537,306800,0.0716777547574123,972688,0.2272493217714404,241530,0.0564287096041649,57150,0.0133519676805284,4280268
20260612031323_本月,schedule,2026/06,2026/06/12 03:13:23,2662300,0.6288994696296101,306800,0.0724735594344605,965488,0.2280715513404773,241530,0.0570552112457798,57150,0.0135002083496721,4233268
20260611221121_本月,schedule,2026/06,2026/06/11 22:11:21,2658700,0.6285836146004841,306800,0.0725352439009397,965488,0.2282656700242194,241530,0.0571037726838134,57150,0.0135116987905433,4229668
20260611125542_本月,schedule,2026/06,2026/06/11 12:55:42,2635700,0.6270224131310964,306800,0.0729864841782526,961888,0.2288292806168547,241530,0.0574590140924815,57600,0.0137028079813146,4203518
20260611024309_本月,schedule,2026/06,2026/06/11 02:43:09,2601300,0.6257761158627618,295800,0.0711584880914177,960688,0.2311058336969841,241530,0.0581031427610551,57600,0.0138564195877811,4156918
20260610214801_本月,schedule,2026/06,2026/06/10 21:48:01,2601300,0.6257761158627618,295800,0.0711584880914177,960688,0.2311058336969841,241530,0.0581031427610551,57600,0.0138564195877811,4156918
20260610124200_本月,schedule,2026/06,2026/06/10 12:42:00,2553900,0.6270442960059593,285000,0.0699744016452086,934888,0.2295376435273187,241530,0.0593014639626921,57600,0.0141421948588211,4072918
20260610022141_本月,schedule,2026/06,2026/06/10 02:21:41,2555300,0.6269724002592981,285000,0.0699280452682268,936188,0.2297045503283183,241530,0.0592621781531046,57600,0.0141328259910521,4075618
20260609204939_本月,schedule,2026/06,2026/06/09 20:49:39,2555300,0.6278659143971549,285000,0.0700277014844398,930388,0.2286067829077369,241530,0.0593466341738131,57600,0.0141529670368552,4069818
20260609122052_本月,schedule,2026/06,2026/06/09 12:20:52,2486900,0.6250820028965559,277800,0.0698249951363799,918288,0.2308115735557813,237930,0.0598036756400247,57600,0.014477752771258,3978518
20260609023555_本月,schedule,2026/06,2026/06/09 02:35:55,2491900,0.627743022124547,268200,0.0675631761040986,913988,0.2302458322186165,237930,0.059937757235079,57600,0.0145102123176587,3969618
20260608222143_本月,schedule,2026/06,2026/06/08 22:21:43,2491900,0.627743022124547,268200,0.0675631761040986,913988,0.2302458322186165,237930,0.059937757235079,57600,0.0145102123176587,3969618
20260608125832_本月,schedule,2026/06,2026/06/08 12:58:32,2468600,0.6286274805396938,263400,0.0670746489403529,909188,0.2315241682641671,237930,0.0605887290143438,47850,0.0121849732414422,3926968
20260608014117_本月,schedule,2026/06,2026/06/08 01:41:17,2441300,0.6259827054104311,263400,0.067539362063289,911388,0.2336923466671863,240210,0.0615931289340268,43650,0.0111924569250666,3899948
20260607200055_本月,schedule,2026/06,2026/06/07 20:00:55,2438900,0.6257523961218694,263400,0.0675809508952808,911388,0.2338362478152931,240210,0.0616310562435664,43650,0.0111993489239901,3897548
20260607125241_本月,schedule,2026/06,2026/06/07 12:52:41,2417500,0.6257201929418245,259800,0.0672438908485154,902388,0.2335645888183607,240210,0.0621734219427324,43650,0.0112979054485669,3863548
20260607013539_本月,schedule,2026/06,2026/06/07 01:35:39,2412500,0.625624327696966,252600,0.065505784529017,907188,0.2352575679149244,240210,0.0622927335776531,43650,0.0113195862814394,3856148
20260606194329_本月,schedule,2026/06,2026/06/06 19:43:29,2412500,0.6262089401611609,252600,0.0655669961801903,903588,0.2345429570248054,240210,0.0623509428046062,43650,0.0113301638292371,3852548
20260606121626_本月,schedule,2026/06,2026/06/06 12:16:26,2387900,0.6243287139440298,249000,0.0651023283102573,903988,0.2363523034720196,240210,0.062804137684365,43650,0.0114125165893282,3824748
20260606021218_本月,schedule,2026/06,2026/06/06 02:12:18,2380900,0.6256063197037744,249000,0.0654273483162836,891988,0.2343791548993785,240210,0.0631176840925883,43650,0.011469492987975,3805748
20260605204851_本月,schedule,2026/06,2026/06/05 20:48:51,2376100,0.625923962922415,249000,0.0655928061814239,887188,0.2337074318493378,240210,0.0632773010957423,43650,0.0114984979510809,3796148
20260605124325_本月,schedule,2026/06,2026/06/05 12:43:25,2320500,0.62558163860603,238200,0.0642161371755898,866788,0.2336766461383509,240210,0.0647580113809758,43650,0.0117675666990533,3709348
20260605022951_本月,schedule,2026/06,2026/06/05 02:29:51,2312900,0.6272699856369846,238200,0.0646010249378398,852288,0.2311447453493771,240210,0.0651461469366855,43650,0.0118380971391129,3687248
20260604205312_本月,schedule,2026/06,2026/06/04 20:53:12,2300100,0.6259715745058849,238200,0.0648260636699716,852288,0.2319499418688194,240210,0.0653730846102598,43650,0.011879335345064,3674448
20260604130114_本月,schedule,2026/06,2026/06/04 13:01:14,2271000,0.622900180451796,234600,0.0643471520625237,850989,0.2334131227047527,245610,0.0673670247999848,43650,0.0119725199809427,3645849
20260604035820_本月,schedule,2026/06,2026/06/04 03:58:20,2250900,0.6217699879203867,227400,0.0628150940748571,852589,0.2355121294731239,245610,0.0678452737718806,43650,0.0120575147597516,3620149
20260603225947_本月,schedule,2026/06,2026/06/03 22:59:47,2231700,0.6197532928125336,227400,0.063150019619828,852589,0.2367678631383004,245610,0.068207019871706,43650,0.0121218045576318,3600949
20260603130732_本月,schedule,2026/06,2026/06/03 13:07:32,2181700,0.6189221613963578,209400,0.0594042721714247,845389,0.2398267347026197,245610,0.0696766155110965,42900,0.012170216218501,3524999
20260603035335_本月,schedule,2026/06,2026/06/03 03:53:35,2155500,0.6175511739488809,209400,0.0599931411852914,833389,0.2387661124129361,249210,0.0713987140152171,42900,0.0122908584376743,3490399
20260602222119_本月,schedule,2026/06,2026/06/02 22:21:19,2144100,0.6162979638683426,209400,0.0601897269875616,833389,0.2395485023134528,249210,0.0716326736512427,42900,0.0123311331794001,3478999
20260602125727_本月,schedule,2026/06,2026/06/02 12:57:27,2118900,0.6205104942676942,199800,0.058510546394207,818989,0.2398373067109371,239730,0.0702038703057219,37350,0.0109377823214396,3414769
20260602043604_本月,schedule,2026/06,2026/06/02 04:36:04,2090800,0.6239556844636884,199800,0.0596261458560574,786789,0.2348007791388468,239730,0.0715424221525158,33760,0.0100749683888913,3350879
20260602001706_本月,schedule-00,2026/06,2026/06/02 00:17:06,2090800,0.6239556844636884,199800,0.0596261458560574,786789,0.2348007791388468,239730,0.0715424221525158,33760,0.0100749683888913,3350879
20260601130932_本月,schedule,2026/06,2026/06/01 13:09:32,2042400,0.624954292720586,199800,0.0611368329835355,752389,0.2302236267850318,239730,0.0733550198755905,33760,0.010330227635256,3268079
20260601013123_本月,schedule,2026/06,2026/06/01 01:31:23,2059200,0.6272925254037937,196200,0.0597682563540327,739389,0.2252395071220792,246930,0.0752220975611688,40960,0.0124776135589255,3282679
20260531194842_本月,schedule,2026/05,2026/05/31 19:48:42,3190350,0.6487999838936296,292800,0.0595447632028005,1089699,0.2216047435701112,281630,0.0572731955628576,62830,0.0127773137706009,4917309
20260531124737_本月,schedule,2026/05,2026/05/31 12:47:37,3190350,0.6487999838936296,292800,0.0595447632028005,1089699,0.2216047435701112,281630,0.0572731955628576,62830,0.0127773137706009,4917309
20260531013105_本月,schedule,2026/05,2026/05/31 01:31:05,3190350,0.6487999838936296,292800,0.0595447632028005,1089699,0.2216047435701112,281630,0.0572731955628576,62830,0.0127773137706009,4917309
20260530194204_本月,schedule,2026/05,2026/05/30 19:42:04,3190350,0.6487999838936296,292800,0.0595447632028005,1089699,0.2216047435701112,281630,0.0572731955628576,62830,0.0127773137706009,4917309
20260530121344_本月,schedule,2026/05,2026/05/30 12:13:44,3190350,0.6487999838936296,292800,0.0595447632028005,1089699,0.2216047435701112,281630,0.0572731955628576,62830,0.0127773137706009,4917309
20260530024302_本月,schedule,2026/05,2026/05/30 02:43:02,3190350,0.6487999838936296,292800,0.0595447632028005,1089699,0.2216047435701112,281630,0.0572731955628576,62830,0.0127773137706009,4917309
20260529205421_本月,schedule,2026/05,2026/05/29 20:54:21,3190350,0.6487999838936296,292800,0.0595447632028005,1089699,0.2216047435701112,281630,0.0572731955628576,62830,0.0127773137706009,4917309
20260529123838_本月,schedule,2026/05,2026/05/29 12:38:38,3187550,0.6489696356196998,292800,0.059612652133911,1086899,0.2212873360372123,281630,0.0573384946054418,62830,0.012791881603735,4911709
20260529024348_本月,schedule,2026/05,2026/05/29 02:43:48,3191150,0.6492267322359592,292800,0.0595689914916844,1086899,0.2211252639457661,281630,0.0572964995689996,62830,0.0127825127575906,4915309
20260528220433_本月,schedule,2026/05,2026/05/28 22:04:33,3187550,0.6495250441721044,292800,0.0596636705098248,1082699,0.2206208893350985,281630,0.0573875666860723,62830,0.0128028292968999,4907509
20260528122522_本月,schedule,2026/05,2026/05/28 12:25:22,3187550,0.6495250441721044,292800,0.0596636705098248,1082699,0.2206208893350985,281630,0.0573875666860723,62830,0.0128028292968999,4907509
20260528023524_本月,schedule,2026/05,2026/05/28 02:35:24,3176350,0.6480351255093074,295200,0.060226350701386,1085499,0.2214622068428314,281630,0.0574578155421116,62830,0.0128185014043634,4901509
20260527214414_本月,schedule,2026/05,2026/05/27 21:44:14,3176350,0.6480351255093074,295200,0.060226350701386,1085499,0.2214622068428314,281630,0.0574578155421116,62830,0.0128185014043634,4901509
20260527124516_本月,schedule,2026/05,2026/05/27 12:45:16,3176350,0.6495192839552675,295200,0.0603642837293103,1074299,0.2196791654678671,281630,0.0575894079494772,62830,0.0128478588980778,4890309
20260527023754_本月,schedule,2026/05,2026/05/27 02:37:54,3172150,0.6492180178542886,295200,0.06041617164087,1074299,0.2198679972141431,281630,0.0576389106342081,62830,0.01285890265649,4886109
20260526122216_本月,schedule,2026/05,2026/05/26 12:22:16,3167350,0.6499382657656225,292800,0.0600823793443017,1068699,0.2192963754196583,281630,0.0577903022361192,62830,0.012892677234298,4873309
20260526015909_本月,schedule,2026/05,2026/05/26 01:59:09,3165750,0.6498232960958875,292800,0.0601021120103848,1068699,0.2193683982356089,281630,0.0578092821225569,62830,0.0128969115355617,4871709
20260525213957_本月,schedule,2026/05,2026/05/25 21:39:57,3165750,0.6498232960958875,292800,0.0601021120103848,1068699,0.2193683982356089,281630,0.0578092821225569,62830,0.0128969115355617,4871709
20260525124720_本月,schedule,2026/05,2026/05/25 12:47:20,3149550,0.6493744805550533,283200,0.0583901995184045,1068699,0.220344448570337,286430,0.0590561611866406,62250,0.0128347101695645,4850129
20260525011704_本月,schedule,2026/05,2026/05/25 01:17:04,3152350,0.6500858195358383,283200,0.0584022408972827,1063099,0.2192350420044507,288230,0.059439540585536,62250,0.0128373569768921,4849129
20260524193904_本月,schedule,2026/05,2026/05/24 19:39:04,3146750,0.6496812551344278,283200,0.058469764504352,1063099,0.2194885175664273,288230,0.0595082634996094,62250,0.0128521992951833,4843529
20260524122515_本月,schedule,2026/05,2026/05/24 12:25:15,3146750,0.6496812551344278,283200,0.058469764504352,1063099,0.2194885175664273,288230,0.0595082634996094,62250,0.0128521992951833,4843529
20260524011824_本月,schedule,2026/05,2026/05/24 01:18:24,3141150,0.6492757541501746,283200,0.0585374444312845,1063099,0.2197425799345133,288230,0.0595771455099899,62250,0.0128670759740376,4837929
20260523192448_本月,schedule,2026/05,2026/05/23 19:24:48,3141150,0.6492757541501746,283200,0.0585374444312845,1063099,0.2197425799345133,288230,0.0595771455099899,62250,0.0128670759740376,4837929
20260523120457_本月,schedule,2026/05,2026/05/23 12:04:57,3141150,0.6492757541501746,283200,0.0585374444312845,1063099,0.2197425799345133,288230,0.0595771455099899,62250,0.0128670759740376,4837929
20260523020542_本月,schedule,2026/05,2026/05/23 02:05:42,3141150,0.6495980067537596,283200,0.0585664981018622,1063099,0.2198516439462983,285830,0.0591103889564099,62250,0.0128734622416699,4835529
20260522203327_本月,schedule,2026/05,2026/05/22 20:33:27,3141150,0.6495980067537596,283200,0.0585664981018622,1063099,0.2198516439462983,285830,0.0591103889564099,62250,0.0128734622416699,4835529
20260522122508_本月,schedule,2026/05,2026/05/22 12:25:08,3141150,0.6504858530742531,280800,0.0581495399911657,1058899,0.21928237089425,285830,0.059191178830751,62250,0.01289105720958,4828929
20260522021419_本月,schedule,2026/05,2026/05/22 02:14:19,3130150,0.6504438910972213,280800,0.0583501252719836,1053299,0.2188751018477747,285830,0.0593953572168486,62250,0.0129355245661715,4812329
20260521213042_本月,schedule,2026/05,2026/05/21 21:30:42,3130150,0.6508699301897476,280800,0.0583883444554673,1053299,0.2190184644821912,285830,0.0594342610245948,59100,0.012288999847999,4809179
20260521124034_本月,schedule,2026/05,2026/05/21 12:40:34,3112150,0.6484214552984752,280800,0.0585051313875654,1061699,0.2212066933370614,285830,0.0595531399733184,59100,0.0123135800035794,4799579
20260521023319_本月,schedule,2026/05,2026/05/21 02:33:19,3111750,0.649203795643768,280800,0.0585832492381361,1059299,0.2210013437845738,282230,0.0588815898592562,59100,0.0123300214742658,4793179
20260520203739_本月,schedule,2026/05,2026/05/20 20:37:39,3107550,0.6496286567024397,280800,0.058700817944054,1059299,0.2214448637725017,282230,0.058999757294695,53700,0.0112259042863094,4783579
20260520122339_本月,schedule,2026/05,2026/05/20 12:23:39,3085150,0.6506038934377398,272400,0.0574443707996176,1048499,0.2211100049156691,282230,0.0595173449734804,53700,0.0113243858734929,4741979
20260520021627_本月,schedule,2026/05,2026/05/20 02:16:27,3074350,0.6502736274263243,272400,0.0576169063740077,1048699,0.2218164173917604,278630,0.0589346498641328,53700,0.0113583989437746,4727779
20260519205251_本月,schedule,2026/05,2026/05/19 20:52:51,3071550,0.6500663812474087,272400,0.057651049877682,1048699,0.2219478647418327,278630,0.0589695742563088,53700,0.0113651298767677,4724979
20260519122157_本月,schedule,2026/05,2026/05/19 12:21:57,3020150,0.6462565309859266,272400,0.0582885879974724,1050699,0.2248302537458014,276350,0.0591338153197559,53700,0.0114908119510435,4673299
20260519021151_本月,schedule,2026/05,2026/05/19 02:11:51,3030350,0.6480508646202743,272400,0.0582536853903221,1043299,0.2231131120192279,276350,0.0590984065991759,53700,0.0114839313709996,4676099
20260518215838_本月,schedule,2026/05,2026/05/18 21:58:38,3026150,0.6481714909068789,272400,0.0583453940231098,1043299,0.2234643584394877,276350,0.0591914450744728,50550,0.0108273115560506,4668749
20260518123750_本月,schedule,2026/05,2026/05/18 12:37:50,3006350,0.6484164928806507,272400,0.0587518594510583,1038299,0.2239427199565874,276350,0.0596038045495593,43050,0.0092851231621441,4636449
20260518011546_本月,schedule,2026/05,2026/05/18 01:15:46,2983650,0.6471635878325046,272400,0.0590844641045612,1031299,0.2236921760153081,279950,0.0607220841632596,43050,0.0093376878843662,4610349
20260517192312_本月,schedule,2026/05,2026/05/17 19:23:12,2972450,0.647092259166061,272400,0.0593005538854598,1025699,0.223291185094575,279950,0.0609441632167198,43050,0.0093718386371844,4593549
20260517121647_本月,schedule,2026/05,2026/05/17 12:16:47,2972450,0.6466980640504018,272400,0.0592644292241516,1028499,0.2237643399141362,279950,0.0609070373028679,43050,0.0093661295084424,4596349
20260517011634_本月,schedule,2026/05,2026/05/17 01:16:34,2971250,0.6471127717465283,272400,0.0593263841897364,1028499,0.2239982628955936,276350,0.0601866603187725,43050,0.0093759208493691,4591549
20260516191548_本月,schedule,2026/05,2026/05/16 19:15:48,2971250,0.6471127717465283,272400,0.0593263841897364,1028499,0.2239982628955936,276350,0.0601866603187725,43050,0.0093759208493691,4591549
20260516115648_本月,schedule,2026/05,2026/05/16 11:56:48,2965650,0.6482367344422856,272400,0.0595416473495114,1017499,0.2224066322925129,276350,0.0604050449524136,43050,0.0094099409632763,4574949
20260516015318_本月,schedule,2026/05,2026/05/16 01:53:18,2965050,0.6481905949895821,272400,0.0595494572014509,1017499,0.222435804526502,276350,0.0604129680529404,43050,0.0094111752295244,4574349
20260515200456_本月,schedule,2026/05,2026/05/15 20:04:56,2965050,0.6481905949895821,272400,0.0595494572014509,1017499,0.222435804526502,276350,0.0604129680529404,43050,0.0094111752295244,4574349
20260515121444_本月,schedule,2026/05,2026/05/15 12:14:44,2938150,0.6489923571687796,272400,0.0601689900422972,997299,0.2202880822327201,276350,0.0610414845748488,43050,0.0095090859813542,4527249
20260515020753_本月,schedule,2026/05,2026/05/15 02:07:53,2954150,0.6502571290778506,272400,0.0599597318893104,995299,0.2190817224291439,278150,0.0612254017070914,43050,0.0094760148966035,4543049
20260514200514_本月,schedule,2026/05,2026/05/14 20:05:14,2954150,0.6502571290778506,272400,0.0599597318893104,995299,0.2190817224291439,278150,0.0612254017070914,43050,0.0094760148966035,4543049
20260514120939_本月,schedule,2026/05,2026/05/14 12:09:39,2929950,0.6495340455865404,272400,0.060387745189431,987299,0.2188721014602794,278150,0.0616624497960361,43050,0.0095436579677129,4510849
20260514021746_本月,schedule,2026/05,2026/05/14 02:17:46,2910350,0.6480045973848255,272400,0.0606512798555591,987299,0.2198272685393306,278150,0.0619315473268126,43050,0.0095853068934721,4491249
20260513202134_本月,schedule,2026/05,2026/05/13 20:21:34,2906750,0.6477222260475363,272400,0.0606999344200047,987299,0.2200036143646706,278150,0.0619812289240981,43050,0.0095929962436901,4487649
20260513120951_本月,schedule,2026/05,2026/05/13 12:09:51,2862350,0.6473197072084551,272400,0.0616031890731682,970699,0.2195233261018185,273350,0.0618180313258096,43050,0.0097357462907485,4421849
20260513021901_本月,schedule,2026/05,2026/05/13 02:19:01,2873550,0.649265259614596,268800,0.0607341099978783,967099,0.2185115217441896,273350,0.0617621613389882,43050,0.0097269473043477,4425849
20260512200851_本月,schedule,2026/05,2026/05/12 20:08:51,2866550,0.6490621764227323,268800,0.0608633768894421,967099,0.2189766031488193,270950,0.0613501933340563,43050,0.0097476502049497,4416449
20260512120201_本月,schedule,2026/05,2026/05/12 12:02:01,2822950,0.64766628374985,268800,0.0616704855105331,952899,0.2186225594215088,270950,0.0621637576230616,43050,0.0098769136950463,4358649
20260512020610_本月,schedule,2026/05,2026/05/12 02:06:10,2798150,0.6463958433292545,268800,0.0620950280317008,947899,0.2189725259532037,270950,0.0625916958526388,43050,0.009944906833202,4328849
20260511204939_本月,schedule,2026/05,2026/05/11 20:49:39,2798150,0.6463958433292545,268800,0.0620950280317008,947899,0.2189725259532037,270950,0.0625916958526388,43050,0.009944906833202,4328849
20260511122009_本月,schedule,2026/05,2026/05/11 12:20:09,2726150,0.6429978182675865,265200,0.0625508579515301,939200,0.2215224954301551,266150,0.0627749277669673,43050,0.0101539005837608,4239750
20260511011407_本月,schedule,2026/05,2026/05/11 01:14:07,2705950,0.6430565952542212,265200,0.0630235625423305,933600,0.221865754108295,260150,0.0618234532254423,43050,0.0102306348697109,4207950
20260510191129_本月,schedule,2026/05,2026/05/10 19:11:29,2689950,0.6424298150293158,265200,0.0633366370920554,928800,0.2218215253812259,260150,0.0621305661368711,43050,0.0102814563605316,4187150
20260510120938_本月,schedule,2026/05,2026/05/10 12:09:38,2676750,0.6412990093316883,265200,0.0635369374333664,928800,0.2225230297440074,260150,0.0623270523125576,43050,0.0103139711783801,4173950
20260510011411_本月,schedule,2026/05,2026/05/10 01:14:11,2663350,0.6422740700548623,261000,0.0629408572978838,928800,0.2239826370048833,260150,0.0627358774944233,33450,0.0080665581479471,4146750
20260509191021_本月,schedule,2026/05,2026/05/09 19:10:21,2657350,0.6417557205820201,261000,0.0630320594095272,928800,0.2243071907263177,260150,0.0628267825876954,33450,0.0080782466944394,4140750
20260509115142_本月,schedule,2026/05,2026/05/09 11:51:42,2654950,0.642292944321467,256200,0.061980621983525,928800,0.2246978989004608,260150,0.0629362170531383,33450,0.0080923177414087,4133550
20260509014515_本月,schedule,2026/05,2026/05/09 01:45:15,2654950,0.6428528190413928,256200,0.062034649329895,925200,0.2240220825917989,260150,0.062991077373818,33450,0.0080993716630951,4129950
20260508194314_本月,schedule,2026/05,2026/05/08 19:43:14,2646550,0.6421249287282697,256200,0.0621610801761473,925200,0.2244786548749863,260150,0.0631194574856546,33450,0.0081158787349419,4121550
20260508115010_本月,schedule,2026/05,2026/05/08 11:50:10,2600400,0.6413456321215409,256200,0.0631874907512455,911600,0.2248310560844472,252950,0.0623859320278202,33450,0.0082498890149459,4054600
20260508015907_本月,schedule,2026/05,2026/05/08 01:59:07,2577000,0.6403757268525421,249000,0.0618756523035634,911800,0.2265791958650166,252950,0.0628572138561701,33450,0.0083122111227076,4024200
20260507200234_本月,schedule,2026/05,2026/05/07 20:02:34,2574200,0.6425861208187719,249000,0.0621567648527209,902400,0.2252621068397403,246950,0.061645032451323,33450,0.0083499750374438,4006000
20260507115942_本月,schedule,2026/05,2026/05/07 11:59:42,2524400,0.6458495900118967,241800,0.0618627915009018,869400,0.222429739168255,242750,0.0621058421705704,30300,0.007752037148376,3908650
20260507015319_本月,schedule,2026/05,2026/05/07 01:53:19,2499200,0.644414362147876,239400,0.0617288725584993,866600,0.2234512989105911,242750,0.0625926642171082,30300,0.0078128021659253,3878250
20260506200347_本月,schedule,2026/05,2026/05/06 20:03:47,2495600,0.6455167418941814,239400,0.0619236688609821,858000,0.2219319460431189,242750,0.062790186365929,30300,0.0078374568357884,3866050
20260506120005884246_本月,schedule,2026/05,2026/05/06 12:00:05,2441400,0.6431235775099048,235800,0.0621154008260979,848900,0.2236207114557869,242750,0.0639461982635083,27310,0.007194111944702,3796160
20260506015129022273_本月,schedule,2026/05,2026/05/06 01:51:29,2455200,0.6448224059502674,235800,0.0619294246183907,846500,0.2223208564014749,242750,0.0637547405687632,27310,0.0071725724611036,3807560
20260505193721079193_本月,schedule,2026/05,2026/05/05 19:37:21,2451000,0.6456524487903565,233400,0.0614831830059849,841700,0.221724057995448,242750,0.0639461982635083,27310,0.007194111944702,3796160
20260505114529260455_本月,schedule,2026/05,2026/05/05 11:45:29,2335200,0.6309884729495306,238200,0.0643634182325189,857400,0.2316758807412331,242750,0.0655928621995968,27310,0.0073793658771204,3700860
20260505015238616622_本月,schedule,2026/05,2026/05/05 01:52:38,2315400,0.6290036022232727,236800,0.0643292964526522,858800,0.2333023639929803,242750,0.0659456786903772,27310,0.0074190586407176,3681060
